Date,USD (AM),USD (PM),,,,"GBP (AM),GBP (PM),EURO (AM),EURO (PM)"
,,,,,,
"Thursday, 31 March 2022",1991.45,1978.7,,,,
"Monday, 28 February 2022",1903.3,1909.85,,,,
"Monday, 31 January 2022",1790.6,1795.25,,,,
,,,,,,
31/12/2021,1820.1,1805.85,,Price on the last day of the month,,
30/11/2021,1797.6,1804.4,,Average daily change,,
31/10/2021,1796.3,1769.15,,,,
30/09/2021,1730.95,1742.8,,,,
31/08/2021,1814.3,1814.85,,,,
31/07/2021,1828.25,1825.75,,,,
30/06/2021,1757.8,1763.15,,,,
31/05/2021,1892.45,1899.95,,,,
30/04/2021,1768.8,1767.65,,,,
31/03/2021,1685.35,1691.05,,,,
28/02/2021,1765.1,1742.85,,,,
31/01/2021,1852.7,1863.8,,,,
,,,,,,
"2020-12-31,1891.1,1887.6,1382.58,1387.39,1539.92,1535.19",,,,,,
"2020-11-30,1771.95,1762.55,1330.03,1317.51,1478.69,1469.44",,,,,,
"2020-10-31,1875.8,1881.85,1448.12,1453.92,1607.19,1611.24",,,,,,
"2020-09-30,1883.4,1886.9,1468.49,1467.63,1609.74,1613.3",,,,,,
"2020-08-31,1955.85,1957.35,1471.97,1472.91,1642.72,1647.31",,,,,,
"2020-07-31,1974.7,1964.9,1505.91,1492.54,1666.84,1661.72",,,,,,
"2020-06-30,1770.7,1768.1,1444.18,1436.58,1580.35,1577.32",,,,,,
"2020-05-31,1725.65,1728.7,1401.92,1399.73,1550.15,1554.97",,,,,,
"2020-04-30,1716.75,1702.75,1373.92,1361.69,1577.86,1568.91",,,,,,
"2020-03-31,1604.65,1608.95,1299.61,1296.81,1461.52,1468.81",,,,,,
"2020-02-29,1626.35,1609.85,1262.37,1254.88,1474.61,1468.18",,,,,,
"2020-01-31,1580.85,1584.2,1205.24,1204.63,1433.51,1431.96",,,,,,
,,,,,,
"2019-12-31,1523.0,1514.75,1157.78,1152.57,1358.06,1351.91",,,,,,
"2019-11-30,1456.35,1460.15,1129.55,1131.32,1323.24,1327.42",,,,,,
"2019-10-31,1506.4,1510.95,1163.09,1168.57,1348.53,1356.53",,,,,,
"2019-09-30,1487.6,1485.3,1208.38,1206.06,1361.75,1362.17",,,,,,
"2019-08-31,1526.55,1528.4,1253.14,1251.15,1382.75,1383.51",,,,,,
"2019-07-31,1430.55,1427.55,1175.48,1167.45,1283.2,1281.37",,,,,,
"2019-06-30,1413.2,1409.0,1114.87,1108.18,1241.07,1237.81",,,,,,
"2019-05-31,1296.0,1295.55,1029.28,1028.8,1162.12,1161.07",,,,,,
"2019-04-30,1285.15,1282.3,989.44,983.78,1145.97,1142.79",,,,,,
"2019-03-31,1291.15,1295.4,991.09,996.68,1151.19,1153.81",,,,,,
"2019-02-28,1325.45,1319.15,996.21,991.87,1162.82,1158.74",,,,,,
"2019-01-31,1322.5,1323.25,1006.95,1009.38,1152.16,1152.68",,,,,,
,,,,,,
"2018-12-31,1281.65,1279.0,1005.45,1008.24,1120.03,1116.69",,,,,,
"2018-11-30,1220.45,1217.55,956.95,955.65,1073.75,1074.0",,,,,,
"2018-10-31,1217.7,1214.95,955.77,951.79,1074.25,1073.17",,,,,,
"2018-09-30,1183.5,1187.25,906.44,912.52,1020.41,1025.07",,,,,,
"2018-08-31,1206.85,1202.45,927.58,927.21,1034.03,1033.27",,,,,,
"2018-07-31,1219.2,1220.95,926.71,930.12,1039.86,1043.3",,,,,,
"2018-06-30,1250.55,1250.45,950.29,950.59,1073.85,1074.14",,,,,,
"2018-05-31,1303.5,1305.35,978.54,981.1,1113.58,1118.68",,,,,,
"2018-04-30,1316.25,1313.2,958.62,955.09,1087.62,1087.33",,,,,,
"2018-03-31,1323.9,1323.85,941.69,941.79,1075.8,1074.57",,,,,,
"2018-02-28,1320.3,1317.85,951.14,954.26,1080.53,1079.32",,,,,,
"2018-01-31,1343.35,1345.05,950.29,949.2,1078.98,1079.27",,,,,,
,,,,,,
"2017-12-31,1296.5,1291.0,960.84,959.86,1082.45,1080.44",,,,,,
"2017-11-30,1282.15,1280.2,952.64,948.88,1084.06,1074.98",,,,,,
"2017-10-31,1274.4,1270.15,964.21,959.09,1095.6,1091.69",,,,,,
"2017-09-30,1286.95,1283.1,963.15,960.02,1090.82,1087.43",,,,,,
"2017-08-31,1305.8,1311.75,1013.17,1019.62,1098.31,1106.85",,,,,,
"2017-07-31,1266.35,1267.55,965.59,965.49,1079.06,1078.56",,,,,,
"2017-06-30,1243.25,1242.25,957.43,957.28,1090.83,1087.22",,,,,,
"2017-05-31,1263.8,1266.2,987.79,984.22,1129.96,1126.66",,,,,,
"2017-04-30,1265.55,1266.45,978.4,979.73,1156.84,1159.81",,,,,,
"2017-03-31,1241.7,1244.85,996.46,998.62,1161.98,1164.93",,,,,,
"2017-02-28,1251.9,1255.6,1006.9,1009.5,1180.79,1184.16",,,,,,
"2017-01-31,1198.8,1212.8,964.91,966.97,1119.2,1123.17",,,,,,
,,,,,,
"2016-12-31,1159.1,1145.9,942.58,937.12,1098.36,1095.71",,,,,,
"2016-11-30,1187.4,1178.1,952.06,946.37,1115.44,1111.89",,,,,,
"2016-10-31,1274.2,1272.0,1046.246,1046.347,1163.217,1162.608",,,,,,
"2016-09-30,1327.9,1322.5,1025.006,1018.457,1187.674,1179.935",,,,,,
"2016-08-31,1314.45,1309.25,1000.296,999.351,1179.193,1174.921",,,,,,
"2016-07-31,1332.5,1342.0,1012.034,1017.37,1200.183,1202.164",,,,,,
"2016-06-30,1317.0,1320.75,976.819,983.166,1183.588,1187.75",,,,,,
"2016-05-31,1210.5,1212.1,829.071,827.137,1087.392,1084.951",,,,,,
"2016-04-30,1274.5,1285.65,873.797,878.152,1119.448,1123.295",,,,,,
"2016-03-31,1233.6,1237.0,857.62,860.731,1085.502,1084.853",,,,,,
"2016-02-29,1234.15,1234.9,890.949,888.588,1131.461,1133.69",,,,,,
"2016-01-31,1112.9,1111.8,776.839,780.43,1019.886,1025.693",,,,,,
,,,,,,
"2015-12-31,1062.25,1060.0,716.364,714.753,974.32,970.729",,,,,,
"2015-11-30,1055.65,1061.9,703.052,705.722,998.203,1003.734",,,,,,
"2015-10-31,1147.75,1142.35,748.037,742.075,1042.698,1033.287",,,,,,
"2015-09-30,1122.5,1114.0,739.119,734.538,1000.802,996.021",,,,,,
"2015-08-31,1125.5,1135.0,730.987,738.62,998.226,1010.551",,,,,,
"2015-07-31,1080.05,1098.4,694.186,701.606,985.447,990.174",,,,,,
"2015-06-30,1175.0,1171.0,747.075,743.516,1053.009,1046.19",,,,,,
"2015-05-31,1190.4,1191.4,778.243,778.896,1083.857,1082.648",,,,,,
"2015-04-30,1204.3,1180.25,779.73,768.42,1075.99,1059.71",,,,,,
"2015-03-31,1179.25,1187.0,797.95,802.79,1098.84,1106.22",,,,,,
"2015-02-28,1205.0,1214.0,782.773,787.545,1073.592,1085.479",,,,,,
"2015-01-31,1263.5,1260.25,837.42,838.155,1114.984,1114.378",,,,,,
,,,,,,
"2014-12-31,1199.25,1206.0,769.836,775.214,986.55,990.229",,,,,,
"2014-11-30,1184.5,1182.75,753.978,754.497,950.795,948.4",,,,,,
"2014-10-31,1173.25,1164.25,733.465,729.206,933.447,931.325",,,,,,
"2014-09-30,1210.0,1216.5,746.545,750.139,959.937,964.405",,,,,,
"2014-08-31,1285.75,1285.75,774.548,775.015,975.827,975.531",,,,,,
"2014-07-31,1295.0,1285.25,767.362,761.494,966.923,960.145",,,,,,
"2014-06-30,1313.0,1315.0,771.536,771.171,961.623,962.665",,,,,,
"2014-05-31,1254.0,1250.5,749.328,746.745,921.043,918.27",,,,,,
"2014-04-30,1292.0,1288.5,768.316,764.416,934.674,929.788",,,,,,
"2014-03-31,1294.0,1291.75,777.784,776.432,939.861,936.594",,,,,,
"2014-02-28,1327.75,1326.5,793.207,793.931,961.65,961.58",,,,,,
"2014-01-31,1246.5,1251.0,757.336,759.84,920.538,927.697",,,,,,
,,,,,,
"2013-12-31,1201.5,1204.5,726.992,730.443,872.549,873.142",,,,,,
"2013-11-30,1245.25,1253.0,763.068,767.252,915.288,921.053",,,,,,
"2013-10-31,1333.75,1324.0,832.034,824.614,975.819,972.1",,,,,,
"2013-09-30,1335.75,1326.5,827.295,821.871,989.591,980.414",,,,,,
"2013-08-31,1392.75,1394.75,899.187,901.292,1051.847,1055.749",,,,,,
"2013-07-31,1331.5,1314.5,875.353,867.599,1002.787,992.3",,,,,,
"2013-06-30,1203.25,1192.0,789.327,783.026,921.889,914.391",,,,,,
"2013-05-31,1410.25,1394.5,926.942,919.916,1085.977,1075.505",,,,,,
"2013-04-30,1472.75,1469.0,950.039,946.704,1126.128,1116.601",,,,,,
"2013-03-31,1602.5,1598.25,1057.407,1053.56,1253.128,1245.907",,,,,,
"2013-02-28,1591.0,1588.5,1049.195,1046.719,1213.392,1213.614",,,,,,
"2013-01-31,1674.5,1664.75,1058.47,1053.039,1234.882,1226.968",,,,,,
,,,,,,
"2012-12-31,1664.0,1657.5,1029.321,1027.206,1261.562,1253.024",,,,,,
"2012-11-30,1728.25,1726.0,1077.866,1077.74,1329.525,1326.672",,,,,,
"2012-10-31,1718.0,1719.0,1065.889,1067.967,1321.538,1325.673",,,,,,
"2012-09-30,1781.0,1776.0,1098.772,1099.486,1374.653,1377.278",,,,,,
"2012-08-31,1657.75,1648.5,1047.684,1041.311,1319.025,1311.56",,,,,,
"2012-07-31,1622.75,1622.0,1034.455,1037.416,1323.29,1321.062",,,,,,
"2012-06-30,1569.5,1598.5,1006.09,1019.322,1248.012,1260.448",,,,,,
"2012-05-31,1567.5,1558.0,1010.508,1008.741,1262.077,1258.278",,,,,,
"2012-04-30,1662.5,1651.25,1021.443,1016.154,1256.614,1248.11",,,,,,
"2012-03-31,1660.75,1662.5,1038.683,1039.452,1245.313,1246.626",,,,,,
"2012-02-29,1788.0,1770.0,1120.792,1110.484,1329.961,1319.812",,,,,,
"2012-01-31,1738.0,1744.0,1102.232,1105.617,1317.265,1328.155",,,,,,
,,,,,,
"2011-12-31,1574.5,1531.0,1020.349,992.673,1217.052,1184.16",,,,,,
"2011-11-30,1704.0,1746.0,1095.609,1109.769,1282.457,1296.695",,,,,,
"2011-10-31,1718.0,1722.0,1072.878,1072.429,1227.231,1231.495",,,,,,
"2011-09-30,1629.0,1620.0,1042.627,1040.997,1204.258,1204.73",,,,,,
"2011-08-31,1826.0,1813.5,1121.14,1111.213,1264.193,1256.147",,,,,,
"2011-07-31,1613.75,1628.5,991.673,992.08,1129.76,1133.11",,,,,,
"2011-06-30,1508.0,1505.5,943.562,940.585,1041.08,1040.07",,,,,,
"2011-05-31,1537.0,1536.5,931.741,932.625,1066.25,1067.38",,,,,,
"2011-04-30,1531.0,1535.5,918.802,919.736,1031.6,1034.36",,,,,,
"2011-03-31,1431.0,1439.0,887.497,896.853,1006.47,1014.52",,,,,,
"2011-02-28,1409.75,1411.0,868.822,868.682,1019.19,1020.02",,,,,,
"2011-01-31,1333.5,1327.0,839.418,831.193,976.923,967.765",,,,,,
,,,,,,
"2010-12-31,1410.25,1405.5,908.725,909.532,1055.1,1056.45",,,,,,
"2010-11-30,1375.0,1383.5,885.098,890.856,1056.07,1063.82",,,,,,
"2010-10-31,1336.75,1346.75,840.723,843.036,966.628,968.258",,,,,,
"2010-09-30,1311.0,1307.0,824.321,829.79,960.088,958.352",,,,,,
"2010-08-31,1233.5,1246.0,800.091,809.459,972.869,979.098",,,,,,
"2010-07-31,1168.0,1169.0,747.616,748.879,897.013,897.918",,,,,,
"2010-06-30,1240.5,1244.0,826.009,829.61,1011.25,1012.7",,,,,,
"2010-05-31,1214.0,1207.5,834.135,830.868,978.322,976.231",,,,,,
"2010-04-30,1175.25,1179.25,765.386,773.076,882.784,887.388",,,,,,
"2010-03-31,1109.5,1115.5,732.102,736.401,823.988,825.074",,,,,,
"2010-02-28,1112.5,1108.25,728.6,731.18,817.594,816.932",,,,,,
"2010-01-31,1082.75,1078.5,670.641,672.423,775.442,775.397",,,,,,
,,,,,,
"2009-12-31,1104.0,1087.5,684.184,682.974,766.401,760.702",,,,,,
"2009-11-30,1172.0,1175.75,709.228,714.742,778.686,782.321",,,,,,
"2009-10-31,1044.5,1040.0,630.737,629.616,703.272,704.607",,,,,,
"2009-09-30,1001.25,995.75,622.126,624.099,682.608,682.628",,,,,,
"2009-08-31,950.75,955.5,582.104,585.657,661.898,665.297",,,,,,
"2009-07-31,936.5,939.0,565.246,568.919,663.902,664.591",,,,,,
"2009-06-30,941.0,934.5,566.697,566.364,666.903,664.888",,,,,,
"2009-05-31,972.0,975.5,604.027,605.6,692.554,691.06",,,,,,
"2009-04-30,889.0,883.25,598.976,599.789,667.919,668.218",,,,,,
"2009-03-31,918.5,916.5,643.523,640.909,691.433,688.994",,,,,,
"2009-02-28,943.75,952.0,666.02,669.809,745.046,752.807",,,,,,
"2009-01-31,918.5,919.5,641.635,642.288,713.398,715.62",,,,,,
,,,,,,
"2008-12-31,865.0,869.75,596.141,599.621,614.652,614.491",,,,,,
"2008-11-30,813.5,814.5,529.45,532.214,633.419,640.33",,,,,,
"2008-10-31,728.5,730.75,451.363,452.617,572.225,574.399",,,,,,
"2008-09-30,897.0,884.5,496.953,491.198,624.217,624.03",,,,,,
"2008-08-31,836.5,833.0,457.179,456.488,567.966,566.435",,,,,,
"2008-07-31,912.0,918.0,459.956,462.206,583.792,586.881",,,,,,
"2008-06-30,932.75,930.25,467.544,466.244,589.639,589.213",,,,,,
"2008-05-31,879.5,885.75,445.858,449.095,567.566,570.568",,,,,,
"2008-04-30,867.75,871.0,440.773,441.236,557.716,559.985",,,,,,
"2008-03-31,937.25,933.5,472.166,469.284,592.821,589.591",,,,,,
"2008-02-29,969.0,971.5,488.875,488.854,637.584,640.071",,,,,,
"2008-01-31,923.75,923.25,463.846,464.505,621.593,621.885",,,,,,
,,,,,,
"2007-12-31,836.5,833.75,417.624,418.486,568.661,567.331",,,,,,
"2007-11-30,794.75,783.5,384.123,380.192,537.72,531.15",,,,,,
"2007-10-31,783.0,789.5,377.896,380.959,541.869,546.48",,,,,,
"2007-09-30,737.75,743.0,363.71,365.398,520.312,522.982",,,,,,
"2007-08-31,668.0,672.0,330.939,333.697,488.804,492.596",,,,,,
"2007-07-31,666.75,665.5,328.222,327.671,486.679,485.66",,,,,,
"2007-06-30,648.5,650.5,323.829,324.536,481.512,481.495",,,,,,
"2007-05-31,656.6,659.1,332.372,333.586,488.396,490.074",,,,,,
"2007-04-30,678.0,677.0,340.43,339.093,498.236,496.298",,,,,,
"2007-03-31,663.5,661.75,339.039,338.283,498.235,496.706",,,,,,
"2007-02-28,677.0,664.2,346.203,338.964,513.384,502.687",,,,,,
"2007-01-31,645.75,650.5,330.375,332.788,499.188,501.233",,,,,,
,,,,,,
"2006-12-31,635.7,632.0,324.039,322.614,482.761,480.791",,,,,,
"2006-11-30,638.4,646.7,326.314,329.411,483.856,488.407",,,,,,
"2006-10-31,600.9,603.75,316.396,317.062,473.411,473.529",,,,,,
"2006-09-30,601.75,599.25,321.564,321.279,474.828,473.154",,,,,,
"2006-08-31,621.75,623.5,326.155,327.744,483.777,486.198",,,,,,
"2006-07-31,637.0,632.5,341.537,339.051,499.334,495.69",,,,,,
"2006-06-30,600.4,613.5,327.479,332.538,472.161,480.724",,,,,,
"2006-05-31,654.0,653.0,348.057,348.267,507.922,507.697",,,,,,
"2006-04-30,638.25,644.0,353.151,355.35,508.242,512.127",,,,,,
"2006-03-31,584.0,582.0,336.154,334.771,482.047,480.119",,,,,,
"2006-02-28,556.5,556.0,318.692,318.078,468.237,467.345",,,,,,
"2006-01-31,569.8,568.75,321.231,320.82,470.792,469.111",,,,,,
,,,,,,
"2005-12-31,513.0,513.0,297.426,298.204,433.314,433.533",,,,,,
"2005-11-30,493.8,495.65,286.294,286.934,419.114,420.863",,,,,,
"2005-10-31,472.65,470.75,265.788,265.436,391.98,392.292",,,,,,
"2005-09-30,473.4,473.25,268.825,268.039,393.516,393.13",,,,,,
"2005-08-31,433.0,433.25,242.577,241.836,354.569,353.673",,,,,,
"2005-07-31,427.15,429.0,243.612,244.125,353.396,353.844",,,,,,
"2005-06-30,436.8,437.1,243.316,243.809,362.159,361.748",,,,,,
"2005-05-31,416.9,414.45,229.129,227.283,336.617,335.859",,,,,,
"2005-04-30,433.2,435.7,226.462,227.996,334.259,336.812",,,,,,
"2005-03-31,427.5,427.5,227.345,226.574,330.09,329.226",,,,,,
"2005-02-28,436.55,435.45,226.909,226.514,329.124,328.741",,,,,,
"2005-01-31,423.8,422.15,225.186,223.762,326.377,324.058",,,,,,
,,,,,,
"2004-12-31,438.0,435.6,226.943,226.851,321.138,320.247",,,,,,
"2004-11-30,452.0,453.4,237.895,237.159,340.618,340.493",,,,,,
"2004-10-31,426.2,425.55,232.833,232.351,334.379,334.184",,,,,,
"2004-09-30,412.35,415.65,229.338,230.022,334.537,335.121",,,,,,
"2004-08-31,408.1,407.25,227.417,227.222,337.831,335.849",,,,,,
"2004-07-31,389.6,391.4,214.526,214.878,323.427,323.792",,,,,,
"2004-06-30,393.75,395.8,217.626,217.964,324.689,324.932",,,,,,
"2004-05-31,393.85,393.25,214.808,214.223,321.615,321.677",,,,,,
"2004-04-30,387.3,388.5,218.863,218.688,324.399,324.426",,,,,,
"2004-03-31,423.0,423.7,230.581,230.836,345.729,345.962",,,,,,
"2004-02-29,392.25,395.85,212.199,213.109,316.586,317.875",,,,,,
"2004-01-31,401.3,399.75,221.561,220.03,323.238,322.327",,,,,,
,,,,,,
"2003-12-31,417.25,416.25,234.147,233.809,330.888,332.335",,,,,,
"2003-11-30,398.1,398.35,231.319,231.196,332.11,331.82",,,,,,
"2003-10-31,384.6,386.25,227.037,227.943,330.271,332.315",,,,,,
"2003-09-30,384.5,388.0,229.854,231.919,328.97,331.199",,,,,,
"2003-08-31,371.0,375.6,234.469,237.767,339.837,342.451",,,,,,
"2003-07-31,355.75,354.75,220.757,220.712,313.989,314.774",,,,,,
"2003-06-30,345.15,346.0,209.601,209.659,302.498,302.052",,,,,,
"2003-05-31,365.8,361.4,221.63,220.5,308.692,307.182",,,,,,
"2003-04-30,336.0,336.75,210.592,210.798,302.022,302.099",,,,,,
"2003-03-31,335.35,334.85,212.449,211.997,308.311,307.484",,,,,,
"2003-02-28,347.65,347.45,220.06,220.673,322.945,322.459",,,,,,
"2003-01-31,370.35,367.5,224.115,223.269,342.409,341.543",,,,,,
,,,,,,
"2002-12-31,342.75,347.2,212.822,216.432,326.74,332.599",,,,,,
"2002-11-30,318.25,319.05,205.164,205.085,320.429,320.976",,,,,,
"2002-10-31,316.35,316.9,202.723,202.959,320.517,320.944",,,,,,
"2002-09-30,322.4,323.7,206.072,206.047,328.109,327.234",,,,,,
"2002-08-31,312.4,312.8,201.289,201.937,316.996,318.566",,,,,,
"2002-07-31,305.5,304.65,195.046,195.539,311.798,311.503",,,,,,
"2002-06-30,319.05,318.5,208.284,208.238,321.202,321.393",,,,,,
"2002-05-31,327.25,326.6,223.196,223.469,348.918,349.118",,,,,,
"2002-04-30,309.35,308.2,212.218,211.443,342.96,341.609",,,,,,
"2002-03-31,303.0,301.4,212.856,211.732,347.477,345.444",,,,,,
"2002-02-28,296.55,296.85,209.354,209.936,342.436,343.775",,,,,,
"2002-01-31,281.5,282.3,199.674,199.604,326.377,327.57",,,,,,
,,,,,,
"2001-12-31,276.5,276.5,190.755,191.23,312.394,314.24",,,,,,
"2001-11-30,274.7,275.5,192.934,193.198,309.87,307.649",,,,,,
"2001-10-31,280.95,278.75,193.093,191.91,310.682,309.516",,,,,,
"2001-09-30,290.85,293.1,197.776,199.932,317.349,321.205",,,,,,
"2001-08-31,275.35,273.0,188.57,187.835,300.044,299.276",,,,,,
"2001-07-31,265.55,265.9,186.168,186.4,303.139,303.366",,,,,,
"2001-06-30,269.9,270.6,192.031,192.529,318.466,319.367",,,,,,
"2001-05-31,266.1,267.5,187.619,188.752,313.428,315.821",,,,,,
"2001-04-30,263.45,263.15,183.461,183.97,296.011,296.607",,,,,,
"2001-03-31,259.05,257.7,181.789,180.627,294.041,291.252",,,,,,
"2001-02-28,265.0,266.7,183.366,185.144,287.512,289.828",,,,,,
"2001-01-31,266.2,264.5,182.03,180.855,286.113,283.737",,,,,,
,,,,,,
"2000-12-31,272.65,274.45,182.827,184.244,292.794,295.584",,,,,,
"2000-11-30,267.0,269.1,187.83,189.534,307.675,309.097",,,,,,
"2000-10-31,263.8,264.5,181.981,182.012,313.823,312.094",,,,,,
"2000-09-30,274.1,273.65,187.035,185.803,311.159,311.143",,,,,,
"2000-08-31,274.95,277.0,188.904,190.313,307.172,310.712",,,,,,
"2000-07-31,277.4,276.75,184.995,184.87,299.892,298.834",,,,,,
"2000-06-30,289.15,288.15,191.161,190.248,301.669,300.72",,,,,,
"2000-05-31,272.25,272.25,181.864,181.864,291.488,291.613",,,,,,
"2000-04-30,275.85,275.05,175.981,175.583,303.8,302.253",,,,,,
"2000-03-31,275.9,276.75,172.805,173.337,288.387,288.943",,,,,,
"2000-02-29,294.0,293.65,184.326,185.772,301.848,303.514",,,,,,
"2000-01-31,283.05,283.3,174.475,175.017,288.62,289.288",,,,,,
,,,,,,
"1999-12-31,290.85,290.25,180.093,179.61,289.547,289.094",,,,,,
"1999-11-30,292.0,291.35,182.648,182.974,288.595,289.814",,,,,,
"1999-10-31,298.85,299.1,182.526,182.601,285.298,285.401",,,,,,
"1999-09-30,303.75,299.0,184.572,181.63,284.543,280.698",,,,,,
"1999-08-31,254.6,254.8,159.274,158.458,241.671,241.402",,,,,,
"1999-07-31,256.75,255.6,158.243,157.826,239.796,239.147",,,,,,
"1999-06-30,261.2,261.0,165.947,165.714,253.223,252.613",,,,,,
"1999-05-31,271.05,268.6,169.671,167.718,259.204,256.665",,,,,,
"1999-04-30,285.85,286.6,177.271,177.847,269.416,270.633",,,,,,
"1999-03-31,279.8,279.45,173.519,173.313,260.813,259.881",,,,,,
"1999-02-28,286.8,287.05,179.082,179.518,260.018,261.263",,,,,,
"1999-01-31,285.65,285.4,173.531,173.707,250.46,250.901",,,,,,
,,,,,,
"1998-12-31,287.45,287.8,173.424,172.181,,",,,,,,
"1998-11-30,295.75,294.7,179.166,178.401,,",,,,,,
"1998-10-31,293.1,292.3,174.568,174.247,,",,,,,,
"1998-09-30,294.1,293.85,173.204,173.108,,",,,,,,
"1998-08-31,273.4,273.4,165.017,165.316,,",,,,,,
"1998-07-31,289.4,288.85,176.87,176.88,,",,,,,,
"1998-06-30,295.75,296.3,177.63,177.8,,",,,,,,
"1998-05-31,292.4,293.6,179.59,180.07,,",,,,,,
"1998-04-30,310.7,310.7,186.1,185.55,,",,,,,,
"1998-03-31,299.9,301.0,178.8,179.24,,",,,,,,
"1998-02-28,296.55,297.4,179.98,180.52,,",,,,,,
"1998-01-31,301.8,304.85,184.64,185.81,,",,,,,,
,,,,,,
"1997-12-31,289.2,290.2,174.72,175.15,,",,,,,,
"1997-11-30,296.9,296.8,176.99,176.53,,",,,,,,
"1997-10-31,310.4,311.4,185.64,186.08,,",,,,,,
"1997-09-30,328.75,332.1,203.56,205.67,,",,,,,,
"1997-08-31,325.4,325.35,200.86,200.71,,",,,,,,
"1997-07-31,326.0,326.35,198.83,199.15,,",,,,,,
"1997-06-30,334.05,334.55,200.93,200.9,,",,,,,,
"1997-05-31,345.75,345.6,210.81,210.67,,",,,,,,
"1997-04-30,340.45,340.15,208.8,209.47,,",,,,,,
"1997-03-31,349.5,348.15,214.38,214.05,,",,,,,,
"1997-02-28,360.6,358.6,221.3,220.27,,",,,,,,
"1997-01-31,345.0,345.5,215.49,216.07,,",,,,,,
,,,,,,
"1996-12-31,369.55,369.25,217.38,218.36,,",,,,,,
"1996-11-30,371.9,371.3,220.91,220.78,,",,,,,,
"1996-10-31,379.3,379.5,233.13,233.22,,",,,,,,
"1996-09-30,379.3,379.0,242.57,242.51,,",,,,,,
"1996-08-31,387.25,386.45,248.62,247.65,,",,,,,,
"1996-07-31,385.5,385.3,247.29,247.3,,",,,,,,
"1996-06-30,381.3,382.0,246.29,246.34,,",,,,,,
"1996-05-31,390.55,390.55,254.02,252.96,,",,,,,,
"1996-04-30,390.15,391.3,258.72,260.26,,",,,,,,
"1996-03-31,396.7,396.35,260.06,259.39,,",,,,,,
"1996-02-29,400.35,400.65,261.21,261.95,,",,,,,,
"1996-01-31,403.2,405.55,267.61,268.72,,",,,,,,
,,,,,,
"1995-12-31,386.7,387.0,250.13,248.64,,",,,,,,
"1995-11-30,387.85,387.8,252.51,252.85,,",,,,,,
"1995-10-31,382.4,382.65,242.49,242.64,,",,,,,,
"1995-09-30,383.75,384.0,242.39,242.9,,",,,,,,
"1995-08-31,381.65,382.35,246.12,246.15,,",,,,,,
"1995-07-31,383.35,383.35,239.3,239.5,,",,,,,,
"1995-06-30,387.6,387.05,243.32,243.32,,",,,,,,
"1995-05-31,384.25,384.3,239.27,241.99,,",,,,,,
"1995-04-30,389.5,389.75,240.69,242.16,,",,,,,,
"1995-03-31,386.55,392.0,239.2,242.57,,",,,,,,
"1995-02-28,375.7,376.4,237.53,237.96,,",,,,,,
"1995-01-31,375.85,374.9,235.88,235.34,,",,,,,,
,,,,,,
"1994-12-31,382.5,383.25,244.57,245.53,,",,,,,,
"1994-11-30,383.35,383.1,245.12,244.95,,",,,,,,
"1994-10-31,387.4,383.85,238.66,235.71,,",,,,,,
"1994-09-30,395.35,394.85,250.16,249.87,,",,,,,,
"1994-08-31,386.25,385.75,251.6,251.03,,",,,,,,
"1994-07-31,384.05,384.0,251.51,249.63,,",,,,,,
"1994-06-30,385.4,388.25,251.03,251.95,,",,,,,,
"1994-05-31,386.25,387.6,255.71,256.38,,",,,,,,
"1994-04-30,376.45,376.45,249.34,247.5,,",,,,,,
"1994-03-31,389.7,389.2,262.58,262.35,,",,,,,,
"1994-02-28,380.75,381.55,256.23,256.97,,",,,,,,
"1994-01-31,378.2,377.9,252.54,251.77,,",,,,,,
,,,,,,
"1993-12-31,390.65,391.75,263.69,265.23,,",,,,,,
"1993-11-30,370.8,370.9,249.26,249.68,,",,,,,,
"1993-10-31,369.1,369.6,248.39,248.25,,",,,,,,
"1993-09-30,352.65,355.5,233.54,236.13,,",,,,,,
"1993-08-31,370.6,371.55,247.07,249.11,,",,,,,,
"1993-07-31,403.7,401.75,272.77,271.27,,",,,,,,
"1993-06-30,379.0,378.45,251.33,250.43,,",,,,,,
"1993-05-31,381.0,377.45,244.54,241.65,,",,,,,,
"1993-04-30,353.45,354.3,224.47,225.02,,",,,,,,
"1993-03-31,336.9,337.8,225.4,224.53,,",,,,,,
"1993-02-28,328.75,327.6,230.49,230.3,,",,,,,,
"1993-01-31,330.75,330.45,220.06,221.48,,",,,,,,
,,,,,,
"1992-12-31,332.9,332.9,220.17,219.74,,",,,,,,
"1992-11-30,333.7,334.2,221.43,221.66,,",,,,,,
"1992-10-31,338.8,339.25,215.43,216.64,,",,,,,,
"1992-09-30,349.0,349.0,196.07,196.73,,",,,,,,
"1992-08-31,340.5,340.0,171.47,171.44,,",,,,,,
"1992-07-31,357.95,357.85,186.52,186.58,,",,,,,,
"1992-06-30,343.4,343.4,180.78,180.62,,",,,,,,
"1992-05-31,337.55,337.5,184.96,184.6,,",,,,,,
"1992-04-30,336.25,336.35,190.17,190.03,,",,,,,,
"1992-03-31,341.5,341.7,196.13,196.55,,",,,,,,
"1992-02-29,353.05,353.1,200.86,200.43,,",,,,,,
"1992-01-31,354.15,354.1,198.57,198.15,,",,,,,,
,,,,,,
"1991-12-31,353.4,353.15,188.58,188.85,,",,,,,,
"1991-11-30,366.85,366.3,208.62,207.89,,",,,,,,
"1991-10-31,357.4,357.45,205.4,205.73,,",,,,,,
"1991-09-30,350.5,354.9,200.03,202.6,,",,,,,,
"1991-08-31,347.0,347.4,205.69,207.16,,",,,,,,
"1991-07-31,363.6,362.85,215.85,215.21,,",,,,,,
"1991-06-30,366.9,368.35,226.48,226.68,,",,,,,,
"1991-05-31,361.55,360.4,211.25,210.51,,",,,,,,
"1991-04-30,353.45,357.75,206.88,207.9,,",,,,,,
"1991-03-31,354.0,355.65,203.68,204.93,,",,,,,,
"1991-02-28,363.0,362.7,188.92,189.42,,",,,,,,
"1991-01-31,369.6,366.0,188.41,186.26,,",,,,,,
,,,,,,
"1990-12-31,391.0,386.2,203.01,201.41,,",,,,,,
"1990-11-30,384.8,384.85,198.59,198.02,,",,,,,,
"1990-10-31,379.25,379.5,195.21,194.95,,",,,,,,
"1990-09-30,406.1,408.4,216.47,218.1,,",,,,,,
"1990-08-31,388.1,387.75,203.46,204.94,,",,,,,,
"1990-07-31,371.1,372.3,200.63,200.4,,",,,,,,
"1990-06-30,352.4,352.2,202.18,201.66,,",,,,,,
"1990-05-31,363.7,363.05,215.97,216.19,,",,,,,,
"1990-04-30,371.55,367.75,227.53,224.65,,",,,,,,
"1990-03-31,372.2,368.5,226.37,224.33,,",,,,,,
"1990-02-28,409.1,407.7,242.46,241.72,,",,,,,,
"1990-01-31,417.55,415.05,247.88,246.83,,",,,,,,
,,,,,,
"1989-12-31,401.0,398.6,249.84,247.81,,",,,,,,
"1989-11-30,406.8,408.15,259.36,260.25,,",,,,,,
"1989-10-31,376.05,375.3,238.13,237.41,,",,,,,,
"1989-09-30,369.0,366.5,226.52,226.1,,",,,,,,
"1989-08-31,359.6,359.8,228.65,228.59,,",,,,,,
"1989-07-31,369.1,368.3,222.04,221.24,,",,,,,,
"1989-06-30,371.15,373.0,239.53,240.26,,",,,,,,
"1989-05-31,363.5,361.8,231.01,230.89,,",,,,,,
"1989-04-30,381.3,377.55,225.22,224.09,,",,,,,,
"1989-03-31,382.3,383.2,226.32,227.01,,",,,,,,
"1989-02-28,386.75,387.0,222.08,221.78,,",,,,,,
"1989-01-31,394.85,394.0,224.03,224.37,,",,,,,,
,,,,,,
"1988-12-31,410.15,410.25,227.55,229.0,,",,,,,,
"1988-11-30,421.3,422.6,228.1,228.37,,",,,,,,
"1988-10-31,412.3,412.4,231.96,232.01,,",,,,,,
"1988-09-30,396.15,396.7,234.74,235.25,,",,,,,,
"1988-08-31,426.35,427.75,253.58,254.77,,",,,,,,
"1988-07-31,432.7,436.8,252.11,255.07,,",,,,,,
"1988-06-30,436.85,436.55,255.17,255.74,,",,,,,,
"1988-05-31,454.0,455.5,245.83,247.5,,",,,,,,
"1988-04-30,449.75,449.0,239.68,238.45,,",,,,,,
"1988-03-31,458.0,456.95,243.62,242.44,,",,,,,,
"1988-02-29,423.75,426.15,238.89,240.63,,",,,,,,
"1988-01-31,465.25,458.0,262.33,258.51,,",,,,,,
,,,,,,
"1987-12-31,486.5,484.1,259.88,260.66,,",,,,,,
"1987-11-30,493.9,492.5,270.04,268.88,,",,,,,,
"1987-10-31,468.0,468.8,273.21,271.93,,",,,,,,
"1987-09-30,459.15,459.5,281.69,282.04,,",,,,,,
"1987-08-31,455.9,453.4,279.95,278.25,,",,,,,,
"1987-07-31,464.25,462.5,291.36,289.88,,",,,,,,
"1987-06-30,447.1,447.3,277.87,277.09,,",,,,,,
"1987-05-31,451.75,451.0,277.83,277.28,,",,,,,,
"1987-04-30,454.5,453.25,273.06,272.22,,",,,,,,
"1987-03-31,419.0,421.0,260.85,262.67,,",,,,,,
"1987-02-28,405.75,405.85,262.67,262.35,,",,,,,,
"1987-01-31,407.3,400.5,265.95,264.88,,",,,,,,
,,,,,,
"1986-12-31,390.9,388.75,264.57,265.03,,",,,,,,
"1986-11-30,390.0,389.5,271.46,271.15,,",,,,,,
"1986-10-31,401.5,401.0,286.85,285.17,,",,,,,,
"1986-09-30,421.2,423.2,291.19,292.43,,",,,,,,
"1986-08-31,386.0,384.7,261.08,258.45,,",,,,,,
"1986-07-31,357.75,357.5,239.86,239.37,,",,,,,,
"1986-06-30,345.5,346.75,225.89,225.46,,",,,,,,
"1986-05-31,343.35,343.2,231.45,232.6,,",,,,,,
"1986-04-30,344.75,345.75,223.36,223.07,,",,,,,,
"1986-03-31,345.5,344.0,233.34,232.2,,",,,,,,
"1986-02-28,338.25,338.15,230.65,231.14,,",,,,,,
"1986-01-31,354.0,350.5,250.12,248.05,,",,,,,,
,,,,,,
"1985-12-31,327.0,326.8,226.61,226.94,,",,,,,,
"1985-11-30,327.4,325.3,220.4,218.25,,",,,,,,
"1985-10-31,325.75,325.1,225.64,224.67,,",,,,,,
"1985-09-30,326.5,325.75,233.05,231.64,,",,,,,,
"1985-08-31,335.75,333.25,239.82,238.29,,",,,,,,
"1985-07-31,328.1,327.5,229.79,230.31,,",,,,,,
"1985-06-30,316.5,317.75,244.1,242.45,,",,,,,,
"1985-05-31,313.15,314.0,245.92,246.08,,",,,,,,
"1985-04-30,324.65,321.35,261.39,257.8,,",,,,,,
"1985-03-31,329.8,329.25,264.69,265.52,,",,,,,,
"1985-02-28,290.5,287.75,265.588,265.697,,",,,,,,
"1985-01-31,304.9,306.65,270.421,271.42,,",,,,,,
,,,,,,
"1984-12-31,309.0,308.3,265.692,264.863,,",,,,,,
"1984-11-30,328.6,329.0,273.674,273.369,,",,,,,,
"1984-10-31,334.5,333.5,274.969,273.922,,",,,,,,
"1984-09-30,344.15,343.75,275.761,277.397,,",,,,,,
"1984-08-31,347.7,348.25,265.116,265.637,,",,,,,,
"1984-07-31,341.6,342.35,261.522,261.037,,",,,,,,
"1984-06-30,375.25,373.05,277.306,274.807,,",,,,,,
"1984-05-31,383.45,384.25,276.919,276.837,,",,,,,,
"1984-04-30,376.2,375.8,269.195,268.909,,",,,,,,
"1984-03-31,388.5,388.5,269.138,269.324,,",,,,,,
"1984-02-29,396.6,394.25,266.264,263.942,,",,,,,,
"1984-01-31,371.9,373.75,264.98,266.261,,",,,,,,
,,,,,,
"1983-12-31,381.5,382.4,262.976,264.18,,",,,,,,
"1983-11-30,405.75,405.0,277.19,275.98,,",,,,,,
"1983-10-31,383.5,382.0,256.573,255.57,,",,,,,,
"1983-09-30,404.0,405.0,270.108,270.577,,",,,,,,
"1983-08-31,414.5,414.25,278.001,277.554,,",,,,,,
"1983-07-31,422.25,422.0,277.76,277.176,,",,,,,,
"1983-06-30,416.75,416.0,272.439,271.151,,",,,,,,
"1983-05-31,439.0,437.5,272.502,272.586,,",,,,,,
"1983-04-30,428.5,429.25,273.977,274.896,,",,,,,,
"1983-03-31,414.25,414.75,280.372,279.632,,",,,,,,
"1983-02-28,419.75,408.5,275.607,269.015,,",,,,,,
"1983-01-31,503.0,499.5,327.794,327.219,,",,,,,,
,,,,,,
"1982-12-31,448.0,456.9,277.485,281.516,,",,,,,,
"1982-11-30,428.25,436.0,265.746,269.885,,",,,,,,
"1982-10-31,422.0,423.25,251.715,252.385,,",,,,,,
"1982-09-30,394.75,397.0,233.304,234.218,,",,,,,,
"1982-08-31,409.6,411.5,238.556,239.523,,",,,,,,
"1982-07-31,342.5,342.9,196.884,196.843,,",,,,,,
"1982-06-30,314.0,317.5,180.46,182.157,,",,,,,,
"1982-05-31,325.5,325.25,181.742,181.602,,",,,,,,
"1982-04-30,356.75,361.25,198.979,200.918,,",,,,,,
"1982-03-31,320.5,320.0,180.016,179.473,,",,,,,,
"1982-02-28,363.25,362.6,199.753,198.794,,",,,,,,
"1982-01-31,388.25,387.0,206.077,205.305,,",,,,,,
,,,,,,
"1981-12-31,400.0,397.5,208.746,208.826,,",,,,,,
"1981-11-30,415.5,414.5,211.698,211.318,,",,,,,,
"1981-10-31,429.0,427.0,232.52,231.248,,",,,,,,
"1981-09-30,426.5,428.75,237.208,236.878,,",,,,,,
"1981-08-31,425.5,425.0,231.376,230.228,,",,,,,,
"1981-07-31,405.25,406.0,217.9,219.104,,",,,,,,
"1981-06-30,421.5,426.0,216.554,219.249,,",,,,,,
"1981-05-31,478.75,479.25,230.834,231.187,,",,,,,,
"1981-04-30,481.0,482.75,224.798,224.901,,",,,,,,
"1981-03-31,514.25,513.75,229.146,228.974,,",,,,,,
"1981-02-28,490.25,489.0,222.064,222.071,,",,,,,,
"1981-01-31,507.5,506.5,212.699,213.129,,",,,,,,
,,,,,,
"1980-12-31,589.5,589.75,247.118,246.294,,",,,,,,
"1980-11-30,621.5,619.75,263.214,262.907,,",,,,,,
"1980-10-31,636.0,629.0,260.848,258.157,,",,,,,,
"1980-09-30,670.0,666.75,280.511,279.01,,",,,,,,
"1980-08-31,633.75,631.25,265.09,263.901,,",,,,,,
"1980-07-31,618.0,614.25,264.385,262.276,,",,,,,,
"1980-06-30,662.5,653.5,280.78,277.106,,",,,,,,
"1980-05-31,531.4,535.5,228.167,229.238,,",,,,,,
"1980-04-30,519.25,518.0,229.169,229.61,,",,,,,,
"1980-03-31,503.25,494.5,231.539,228.09,,",,,,,,
"1980-02-29,640.0,637.0,280.603,280.148,,",,,,,,
"1980-01-31,668.0,653.0,294.728,287.982,,",,,,,,
,,,,,,
"1979-12-31,524.0,512.0,235.189,229.391,,",,,,,,
"1979-11-30,417.2,415.65,190.008,189.044,,",,,,,,
"1979-10-31,379.75,382.0,182.616,183.372,,",,,,,,
"1979-09-30,397.0,397.25,180.496,181.062,,",,,,,,
"1979-08-31,317.75,315.1,141.254,139.827,,",,,,,,
"1979-07-31,295.35,296.45,129.426,130.883,,",,,,,,
"1979-06-30,276.45,277.5,127.467,127.939,,",,,,,,
"1979-05-31,277.15,274.6,134.129,132.369,,",,,,,,
"1979-04-30,243.45,245.3,118.312,118.761,,",,,,,,
"1979-03-31,239.65,240.1,116.081,115.878,,",,,,,,
"1979-02-28,250.9,251.3,123.962,124.221,,",,,,,,
"1979-01-31,233.05,233.7,116.747,117.19,,",,,,,,
,,,,,,
"1978-12-31,224.5,226.0,110.265,110.676,,",,,,,,
"1978-11-30,193.7,193.4,99.374,99.45,,",,,,,,
"1978-10-31,243.65,242.6,116.775,116.16,,",,,,,,
"1978-09-30,217.45,217.1,110.297,109.924,,",,,,,,
"1978-08-31,207.3,208.7,106.812,107.339,,",,,,,,
"1978-07-31,198.9,200.25,102.94,103.612,,",,,,,,
"1978-06-30,183.2,183.05,98.452,98.493,,",,,,,,
"1978-05-31,184.9,184.15,101.465,100.843,,",,,,,,
"1978-04-30,170.0,170.85,92.81,93.315,,",,,,,,
"1978-03-31,180.75,181.6,97.361,97.598,,",,,,,,
"1978-02-28,182.0,182.25,94.101,94.176,,",,,,,,
"1978-01-31,175.2,175.75,89.869,90.036,,",,,,,,
,,,,,,
"1977-12-31,165.6,164.95,86.838,86.023,,",,,,,,
"1977-11-30,159.8,160.05,88.03,88.09,,",,,,,,
"1977-10-31,160.8,161.5,87.821,87.653,,",,,,,,
"1977-09-30,153.9,154.05,88.134,88.155,,",,,,,,
"1977-08-31,146.0,146.0,83.764,83.764,,",,,,,,
"1977-07-31,144.5,144.1,83.142,82.892,,",,,,,,
"1977-06-30,142.95,143.0,83.086,83.12,,",,,,,,
"1977-05-31,143.2,142.95,83.392,83.168,,",,,,,,
"1977-04-30,146.5,147.25,85.199,85.645,,",,,,,,
"1977-03-31,149.8,148.9,87.078,86.565,,",,,,,,
"1977-02-28,142.25,142.75,83.216,83.275,,",,,,,,
"1977-01-31,132.1,132.3,77.053,77.152,,",,,,,,
,,,,,,
"1976-12-31,134.55,134.5,79.022,78.987,,",,,,,,
"1976-11-30,130.1,130.25,78.887,78.606,,",,,,,,
"1976-10-31,122.3,123.15,76.223,77.186,,",,,,,,
"1976-09-30,116.1,116.0,69.613,68.966,,",,,,,,
"1976-08-31,103.05,104.0,58.047,58.549,,",,,,,,
"1976-07-31,112.4,112.5,63.022,63.025,,",,,,,,
"1976-06-30,123.8,123.8,69.469,69.418,,",,,,,,
"1976-05-31,125.25,125.5,70.675,71.226,,",,,,,,
"1976-04-30,128.15,128.4,69.503,69.616,,",,,,,,
"1976-03-31,129.5,129.6,67.578,67.606,,",,,,,,
"1976-02-29,132.3,132.3,65.23,65.291,,",,,,,,
"1976-01-31,128.0,128.15,63.023,63.128,,",,,,,,
,,,,,,
"1975-12-31,140.25,140.25,69.287,69.304,,",,,,,,
"1975-11-30,138.25,138.15,68.549,68.374,,",,,,,,
"1975-10-31,143.4,142.9,69.075,68.702,,",,,,,,
"1975-09-30,138.25,141.25,67.663,69.122,,",,,,,,
"1975-08-31,161.5,159.8,76.468,75.699,,",,,,,,
"1975-07-31,166.4,166.7,77.467,77.582,,",,,,,,
"1975-06-30,166.0,166.25,75.174,76.349,,",,,,,,
"1975-05-31,167.75,167.0,72.537,72.154,,",,,,,,
"1975-04-30,167.4,167.0,71.083,70.895,,",,,,,,
"1975-03-31,177.75,177.25,73.816,73.793,,",,,,,,
"1975-02-28,181.75,181.75,74.887,74.779,,",,,,,,
"1975-01-31,176.25,175.8,74.108,73.85,,",,,,,,
,,,,,,
"1974-12-31,187.5,186.5,79.736,79.345,,",,,,,,
"1974-11-30,182.0,184.0,78.313,79.089,,",,,,,,
"1974-10-31,166.4,167.0,71.285,71.493,,",,,,,,
"1974-09-30,147.5,151.25,63.21,64.822,,",,,,,,
"1974-08-31,155.25,156.0,66.993,67.285,,",,,,,,
"1974-07-31,154.0,156.0,64.815,65.508,,",,,,,,
"1974-06-30,146.75,144.25,61.291,60.399,,",,,,,,
"1974-05-31,156.5,156.75,66.344,65.394,,",,,,,,
"1974-04-30,168.5,169.25,69.114,69.607,,",,,,,,
"1974-03-31,173.0,173.0,71.844,72.143,,",,,,,,
"1974-02-28,169.5,162.5,73.513,70.56,,",,,,,,
"1974-01-31,133.25,132.5,58.791,58.089,,",,,,,,
,,,,,,
"1973-12-31,112.25,112.25,48.352,48.3,,",,,,,,
"1973-11-30,100.25,101.0,42.714,43.098,,",,,,,,
"1973-10-31,97.25,98.0,39.909,40.18,,",,,,,,
"1973-09-30,100.25,100.0,41.546,41.42,,",,,,,,
"1973-08-31,104.0,103.5,42.33,42.085,,",,,,,,
"1973-07-31,115.2,115.6,46.182,46.222,,",,,,,,
"1973-06-30,123.5,123.25,47.868,47.753,,",,,,,,
"1973-05-31,114.5,114.75,44.596,44.728,,",,,,,,
"1973-04-30,90.7,90.72,36.464,36.455,,",,,,,,
"1973-03-31,90.25,90.0,36.425,36.311,,",,,,,,
"1973-02-28,85.3,85.0,34.354,34.26,,",,,,,,
"1973-01-31,66.0,66.0,27.732,27.726,,",,,,,,
,,,,,,
"1972-12-31,64.7,64.9,27.582,27.659,,",,,,,,
"1972-11-30,63.6,63.6,27.041,27.034,,",,,,,,
"1972-10-31,64.42,64.39,27.597,27.541,,",,,,,,
"1972-09-30,64.1,64.2,26.464,26.525,,",,,,,,
"1972-08-31,66.8,66.88,27.278,27.312,,",,,,,,
"1972-07-31,68.9,68.3,28.117,27.872,,",,,,,,
"1972-06-30,64.1,64.65,26.118,26.458,,",,,,,,
"1972-05-31,59.3,59.45,22.687,22.745,,",,,,,,
"1972-04-30,49.5,49.6,18.956,18.994,,",,,,,,
"1972-03-31,48.38,48.38,18.495,18.494,,",,,,,,
"1972-02-29,48.4,48.2,18.57,18.493,,",,,,,,
"1972-01-31,46.95,47.15,18.095,18.175,,",,,,,,
,,,,,,
"1971-12-31,43.62,43.62,17.083,17.092,,",,,,,,
"1971-11-30,43.55,43.6,17.463,17.485,,",,,,,,
"1971-10-31,42.4,42.34,17.003,16.998,,",,,,,,
"1971-09-30,42.48,42.6,17.097,17.144,,",,,,,,
"1971-08-31,41.0,40.65,16.659,16.511,,",,,,,,
"1971-07-31,42.48,42.4,17.564,17.529,,",,,,,,
"1971-06-30,40.2,40.1,16.614,16.572,,",,,,,,
"1971-05-31,40.8,40.84,16.869,16.886,,",,,,,,
"1971-04-30,39.6,39.7,16.368,16.409,,",,,,,,
"1971-03-31,38.8,38.88,16.041,16.079,,",,,,,,
"1971-02-28,38.79,38.8,16.055,16.06,,",,,,,,
"1971-01-31,38.0,38.05,15.727,15.746,,",,,,,,
,,,,,,
"1970-12-31,37.38,37.38,15.617,15.617,,",,,,,,
"1970-11-30,37.6,37.54,15.74,15.715,,",,,,,,
"1970-10-31,37.4,37.25,15.646,15.583,,",,,,,,
"1970-09-30,36.24,36.4,15.175,15.244,,",,,,,,
"1970-08-31,35.77,35.8,15.008,15.021,,",,,,,,
"1970-07-31,35.29,35.3,14.76,14.765,,",,,,,,
"1970-06-30,35.51,35.49,14.823,14.817,,",,,,,,
"1970-05-31,35.5,35.45,14.783,14.763,,",,,,,,
"1970-04-30,35.85,35.85,14.904,14.902,,",,,,,,
"1970-03-31,35.3,35.3,14.669,14.669,,",,,,,,
"1970-02-28,35.0,35.02,14.538,14.546,,",,,,,,
"1970-01-31,34.98,34.99,14.563,14.567,,",,,,,,
,,,,,,
"1969-12-31,35.21,35.2,14.665,14.66,,",,,,,,
"1969-11-30,35.55,35.6,14.835,14.854,,",,,,,,
"1969-10-31,39.85,39.75,16.635,16.592,,",,,,,,
"1969-09-30,40.65,40.67,17.058,17.067,,",,,,,,
"1969-08-31,40.95,40.86,17.196,17.158,,",,,,,,
"1969-07-31,41.45,41.39,17.34,17.313,,",,,,,,
"1969-06-30,41.23,41.2,17.242,17.231,,",,,,,,
"1969-05-31,43.15,43.08,18.063,18.027,,",,,,,,
"1969-04-30,43.6,43.6,18.256,18.269,,",,,,,,
"1969-03-31,43.1,42.9,18.006,17.919,,",,,,,,
"1969-02-28,42.77,42.7,17.871,17.842,,",,,,,,
"1969-01-31,42.55,42.54,17.806,17.802,,",,,,,,
,,,,,,
"1968-12-31,41.95,41.9,17.592,17.571,,",,,,,,
"1968-11-30,39.85,39.85,16.706,16.706,,",,,,,,
"1968-10-31,39.2,39.0,16.396,16.313,,",,,,,,
"1968-09-30,39.7,39.6,16.629,16.573,,",,,,,,
"1968-08-31,39.85,39.8,16.717,16.698,,",,,,,,
"1968-07-31,38.9,38.85,16.242,16.221,,",,,,,,
"1968-06-30,40.95,40.9,17.188,17.167,,",,,,,,
"1968-05-31,42.0,41.95,17.621,17.6,,",,,,,,
"1968-04-30,39.1,39.1,16.315,16.313,,",,,,,,
"1968-03-31,35.2,,14.726,,,",,,,,,
"1968-02-29,35.2,,14.641,,,",,,,,,
"1968-01-31,35.2,,14.592,,,",,,,,,
